id,tags
I2I4EySGYEU,nepal
ODLfcfoppas,tanzania
N79BreeqxRw,united-states
Cq1Ey6_fAQg,united-states
kEwDgYxZXVA,united-states
fGP0u9nVVD8,vietnam
mhlmfKdAVzE,vietnam
5Gu7jRlsllg,vietnam
FgPZveSTfZY,vietnam
2kh0VEQqUI0,united-states
Rp4V6waPRZo,united-states
q24U-_cM9IY,vietnam
kEZagADSCOc,vietnam
0cEiYOde1Xw,vietnam
zLcTGmU7nWU,switzerland
djldGrhYFdo,italy
kbfs_RHYx7c,nepal
9Hgb6SnJVBg,nepal
lji8NyYSIrE,nepal
u95QMWgk1LU,nepal
jHp9O6n_rtU,nepal
h9mXegbppH4,nepal
KF7hpN_HUH8,nepal
ZjCj_udzlIE,peru