path,description,tags,store-link
photos/countries/france/chamonix/green-mountain-range-in-clouds,,france landscape showcase,
photos/countries/france/chamonix/pointy-golden-mountain-in-clouds,,france landscape,
photos/countries/italy/cinque-terre/colorful-vernazza-aerial,,italy city,
photos/countries/italy/cinque-terre/monterosso-blue-white-beach-umbrellas,,italy city,
photos/countries/italy/cinque-terre/riomaggiore-at-night,,italy city,
photos/countries/italy/dolomites/locatelli-hut-tre-cime-sheep,,italy adventure,
photos/countries/italy/dolomites/man-standing-next-to-bivvaco-aerial,,italy adventure,
photos/countries/italy/dolomites/tre-cime-mountains-in-clouds,,italy landscape,
photos/countries/italy/dolomites/women-yellow-jacket-by-mountain-reflection-lake,,italy adventure,
photos/countries/italy/florence/crescent-moon-at-sunset,,italy minimalism,
photos/countries/italy/florence/hot-air-balloon-in-clouds,,italy minimalism,
photos/countries/italy/florence/old-brick-roof-in-tuscany,,italy,
photos/countries/nepal/kathmandu/cute-puppy-sitting-on-a-chair,,nepal animals,
photos/countries/nepal/kathmandu/lightbulb-in-tangled-wires,,nepal city,
photos/countries/nepal/kathmandu/two-security-cameras-in-tangles-wires,,nepal city,
photos/countries/nepal/manaslu-circuit/backpack-laying-in-snow,,nepal adventure snow,
photos/countries/nepal/manaslu-circuit/donkey-carrying-heavy-load,,nepal adventure,
photos/countries/nepal/manaslu-circuit/hiker-crossing-long-bridge-in-valley,,nepal adventure,
photos/countries/nepal/manaslu-circuit/hiker-standing-in-canyon-at-dusk,,nepal adventure,
photos/countries/nepal/manaslu-circuit/manaslu-base-camp-prayer-flags,,nepal landscape adventure snow,
photos/countries/nepal/manaslu-circuit/manaslu-mountain-at-sunset,,nepal landscape showcase,
photos/countries/nepal/manaslu-circuit/moonrise-over-himalayas,,nepal landscape,
photos/countries/nepal/manaslu-circuit/mountain-ridge-at-sunrise,,nepal landscape,
photos/countries/nepal/manaslu-circuit/prayer-flags-in-the-wind,,nepal adventure culture showcase,
photos/countries/nepal/manaslu-circuit/starry-night-over-sereng-monastery,,nepal astrophotography showcase,
photos/countries/nepal/manaslu-circuit/stupa-on-the-trail,,nepal culture,
photos/countries/nepal/manaslu-circuit/tall-mountains-in-clouds,,nepal landscape,
photos/countries/nepal/manaslu-circuit/two-puppies-cuddling-in-the-dirt,,nepal animals,
photos/countries/nepal/manaslu-circuit/view-of-frozen-birendra-lake,,nepal landscape snow,
photos/countries/nepal/manaslu-circuit/woman-carrying-basket-of-wood,,nepal adventure culture,
photos/countries/nepal/manaslu-circuit/yak-wearing-bell,,nepal animals,
photos/countries/nepal/mardi-himal/annapurna-mountain-range-at-sunrise,,nepal landscape snow,
photos/countries/nepal/mardi-himal/fishtail-mountain-behind-snow-covered-shelter,,nepal landscape adventure snow,
photos/countries/nepal/mardi-himal/fishtail-mountain-looming-over-hiker,,nepal landscape adventure snow,
photos/countries/nepal/mardi-himal/frozen-prayer-flags-in-front-of-fishtail-mountain,"Tibetan prayer flags are a beautiful sight, fluttering in the breeze and filling the air with the energy of positive intentions and blessings. This photo was captured on a short hike at the base of the Annapurna mountain range.",nepal landscape adventure culture snow showcase,https://store.nicholaseager.com/listing/frozen-prayer-flags-in-nepal?product=652
photos/countries/nepal/mardi-himal/german-shepard-watching-in-snow,,nepal animals snow,
photos/countries/nepal/mardi-himal/german-shepherd-silhouette-in-clouds,,nepal animals minimalism,
photos/countries/nepal/mardi-himal/snow-covered-shelter-on-mountain,,nepal landscape adventure snow,
photos/countries/nepal/mardi-himal/starry-night-over-fishtail-mountain,,nepal astrophotography adventure,
photos/countries/nepal/mardi-himal/viewpoint-shelter-mountains,,nepal landscape adventure snow showcase,
photos/countries/nepal/pokhara/fishtail-mountain-sunset,,nepal landscape,
photos/countries/nepal/pokhara/world-peace-pagoda-sunset,,nepal landscape,
photos/countries/nepal/volunteering/sunset-behind-barbed-wire,,nepal landscape,
photos/countries/south-korea/seoul/bukchon-hanok-home-at-sunrise,,south-korea culture city,
photos/countries/south-korea/seoul/city-lanterns-at-night,,south-korea city,
photos/countries/south-korea/seoul/cityscape-at-night,,south-korea city,
photos/countries/tanzania/lake-eyasi/sunset-with-a-single-palm-tree-silhouette,,tanzania landscape,
photos/countries/tanzania/ngorongoro-crater/jeep-driving-away,,tanzania adventure,
photos/countries/tanzania/ngorongoro-crater/jeep-in-the-distance,,tanzania adventure,
photos/countries/tanzania/ngorongoro-crater/round-tree-under-the-clouds,,tanzania landscape,
photos/countries/tanzania/tarangire/jeeps-parked-off-the-road,,tanzania adventure,
photos/countries/tanzania/serengeti/wildebeest-migration,,tanzania animals,
photos/countries/tanzania/serengeti/lion-resting-in-a-bush,,tanzania animals,
photos/countries/tanzania/serengeti/lion-stalking-wildebeest-laying-in-a-tree,,tanzania animals,
photos/countries/tanzania/tarangire/vervet-monkey-sitting-in-grass,,tanzania animals,
photos/countries/tanzania/serengeti/jeep-offroad,,tanzania adventure,
photos/countries/tanzania/tarangire/masai-giraffe-looking-at-camera,,tanzania animals,
photos/countries/tanzania/serengeti/single-acacia-tree-daylight,,tanzania landscape,
photos/countries/tanzania/serengeti/three-acacia-trees,,tanzania,
photos/countries/tanzania/serengeti/sunset-with-a-single-tree,,tanzania landscape minimalism,
photos/countries/tanzania/serengeti/leopard-staring-at-me,,tanzania animals,
photos/countries/tanzania/serengeti/acacia-tree-at-sunset,,tanzania,
photos/countries/tanzania/tarangire/baobab-tree-in-a-field,,tanzania,
photos/countries/tanzania/serengeti/acacia-silhouettes-at-sunset,,tanzania landscape showcase,
photos/countries/united-states/alaska/blue-pickup-truck-covered-in-snow,,united-states snow,
photos/countries/united-states/alaska/two-snow-shoes-stuck-in-a-snowy-hill,,united-states snow,
photos/countries/united-states/alaska/yellow-fire-hydrant-covered-in-snow,,united-states snow,
photos/countries/united-states/arizona/grand-canyon-national-park-rim-view,,united-states landscape,
photos/countries/united-states/colorado/starry-night-campsite-glowing-tent,,united-states astrophotography showcase,
photos/countries/united-states/colorado/sunset-on-the-colorado-trail,,united-states landscape showcase,
photos/countries/united-states/missouri/bird-sitting-on-fountain-staring-at-me,,united-states animals,
photos/countries/united-states/missouri/long-haired-west-highland-white-terrier,,united-states animals,
photos/countries/united-states/missouri/long-straight-highway,,united-states landscape,
photos/countries/united-states/missouri/man-holding-a-glowing-orb-sitting-on-a-dock,,united-states astrophotography,
photos/countries/united-states/missouri/one-sunflower-and-one-bee,,united-states landscape nature,
photos/countries/united-states/missouri/pinecone-laying-in-the-grass,,united-states minimalism,
photos/countries/united-states/missouri/rabbit-hiding-in-the-grass,,united-states animals,
photos/countries/united-states/missouri/single-white-clover-up-close,,united-states minimalism,
photos/countries/united-states/missouri/small-conocybe-mushroom-surrounded-by-grass,,united-states minimalism,
photos/countries/united-states/missouri/starry-night-loggers-lake,,united-states astrophotography,
photos/countries/united-states/missouri/sun-passing-through-black-maple-leaf,,united-states nature,
photos/countries/united-states/missouri/total-solar-eclipse,,united-states astrophotography,
photos/countries/united-states/utah/glowing-tent-starry-night,,united-states astrophotography,
photos/countries/united-states/utah/monument-valley-highway-aerial,,united-states landscape,
photos/countries/united-states/utah/moon-red-rock-arch,,united-states landscape,
photos/countries/united-states/utah/small-juniper-pine-stuck-between-two-boulders,,united-states landscape,
photos/countries/united-states/utah/small-tree-in-the-desert,,united-states minimalism,
photos/countries/united-states/washington/inside-tent-snow-camp-in-forest,,united-states adventure,
photos/countries/united-states/washington/lake-serene-glacier-cave,,united-states snow,
photos/countries/united-states/washington/snow-camp-in-a-forest,,united-states adventure snow,
photos/countries/united-states/washington/snow-covered-trees-looking-up,,united-states snow,
photos/countries/united-states/washington/squirrel-poking-head-out-of-hole,,united-states animals,
photos/countries/united-states/washington/taking-a-break-from-snowshoeing,,united-states snow adventure,
photos/countries/united-states/washington/winter-river-with-snow-covered-rocks,,united-states snow landscape,
photos/countries/united-states/wyoming/cascading-rocky-mountains-at-dawn,,united-states landscape showcase,
photos/countries/united-states/wyoming/layered-treelines,,united-states landscape showcase,
photos/countries/united-states/wyoming/moose-silhouette-drinking-from-a-lake,,united-states animals,
photos/countries/united-states/wyoming/rocky-trail-golden-hour,,united-states landscape,
photos/countries/united-states/wyoming/rocky-trail-golden-hour-close-up,,united-states landscape,
photos/countries/vietnam/da-nang/beach-at-sunset-city-background,,vietnam landscape city,
photos/countries/vietnam/da-nang/cascading-jungle-hills,,vietnam landscape,
photos/countries/vietnam/da-nang/cityscape-at-night,,vietnam city,
photos/countries/vietnam/da-nang/cityscape-at-sunset,,vietnam city,
photos/countries/vietnam/da-nang/curving-road-in-jungle,,vietnam landscape aerial,
photos/countries/vietnam/da-nang/ocean-wave-breaking-on-sand,,vietnam,
photos/countries/vietnam/da-nang/rice-field-behind-barbed-wire,,vietnam,
photos/countries/vietnam/da-nang/single-purple-shell-on-beach,,vietnam minimalism showcase,
photos/countries/vietnam/da-nang/steep-grade-road-sign-on-curving-road,,vietnam city,
photos/countries/vietnam/da-nang/suspension-bridge-over-river,,vietnam city,
photos/countries/vietnam/da-nang/two-coconuts-on-beach,,vietnam,
photos/countries/vietnam/da-nang/two-tiny-mushrooms-next-to-metal-cup,,vietnam,
photos/countries/vietnam/da-nang/woman-collecting-plants,,vietnam,
photos/countries/vietnam/hanoi/banana-farm-from-above,,vietnam landscape showcase,
photos/countries/vietnam/hanoi/buffalo-standing-in-rice-field-looking-at-me,,vietnam animals showcase,
photos/countries/vietnam/hanoi/man-throwing-fishing-net-into-lake,,vietnam culture city,
photos/countries/vietnam/hanoi/railroad-street-with-vietnamese-flags,,vietnam culture city,
photos/countries/vietnam/hoi-an/herb-gardens-from-above,,vietnam aerial culture,
photos/countries/vietnam/hoi-an/rainbow-herb-gardens,,vietnam culture,
photos/countries/vietnam/sapa/cat-staring-close-up,,vietnam animals,